http://static01.nyt.com/images/2013/02/13/sports/subDOG-refer/subDOG-refer-articleLarge.jpg,600,427,Affenpinscher,big
http://petguide.com.vsassets.com/wp-content/uploads/2013/03/affenpinscher-2.jpg,378,567,Affenpinscher,big
http://www.dogguide.net/dog-pictures/wp-content/uploads/2008/09/2788685911_9c63efbe67.jpg,417,500,Affenpinscher,big
http://d21vu35cjx7sd4.cloudfront.net/dims3/MMAH/crop/0x0%252B0%252B0/resize/645x380/quality/90/%3Furl%3Dhttp%253A%252F%252Fs3.amazonaws.com%252Fassets.prod.vetstreet.com%252Fcb%252Fa181a0a26911e087a80050568d634f%252Ffile%252FAffenpinscher-2-645mk062311.jpg,645,380,Affenpinscher,big
http://2.bp.blogspot.com/-gGiZ2I0PhPE/URuVzEDSQlI/AAAAAAAAALM/KxFZm8-Wmzg/s1600/bananajoe630aa021213.jpg,630,400,Affenpinscher,big
https://s-media-cache-ak0.pinimg.com/236x/93/87/79/938779bc48f0ec2ef88f9d3150c190db.jpg,236,277,Affenpinscher,big
https://dogpic.files.wordpress.com/2011/11/affenpinscher-pictures1.jpg,520,521,Affenpinscher,big
http://d21vu35cjx7sd4.cloudfront.net/dims3/MMAH/crop/0x0%252B0%252B0/resize/645x380/quality/90/%3Furl%3Dhttp%253A%252F%252Fs3.amazonaws.com%252Fassets.prod.vetstreet.com%252Fc3%252F950030a26a11e087a80050568d634f%252Ffile%252FAffenpinscher-4-645mk062311.jpg,301,380,Affenpinscher,big
https://s-media-cache-ak0.pinimg.com/236x/13/78/c6/1378c6117c67b5b7ce94bee8d2a236c7.jpg,236,245,Affenpinscher,big
http://www.dog.com/Breeds/images/AllBreeds/21.jpg,500,500,Affenpinscher,big
http://www.spockthedog.com/wp-content/uploads/2013/02/Affenpinscher-Big-Family.jpg,1280,960,Affenpinscher,big
http://cdn2-www.dogtime.com/assets/uploads/2011/01/file_23096_affenpinscher-460x290.jpg,460,290,Affenpinscher,big
https://s-media-cache-ak0.pinimg.com/236x/ce/46/15/ce4615d7058f15704cab448968bd5c90.jpg,236,188,Affenpinscher,big
https://s-media-cache-ak0.pinimg.com/736x/c4/04/df/c404df36097910b54bd02b42a14af9d9.jpg,300,450,Affenpinscher,big
http://myterrierdog.info/wp-content/uploads/2012/02/facts_about_affenpinscher_terrier_dog_breed.jpg,537,414,Affenpinscher,big
http://petguide.com.vsassets.com/wp-content/uploads/2013/03/affenpinscher-11.jpg,1024,903,Affenpinscher,big
http://cdn2.justdogbreeds.com/justdogbreeds-cdn/photos/plog-content/thumbs/dog-breeds/affenpinscher/large/6797-affenpinscher-14.jpg,640,480,Affenpinscher,big
http://photos1.blogger.com/blogger/2836/4020/1600/IMG_0030.jpg,1024,768,Affenpinscher,big
http://static.ddmcdn.com/gif/dog-winner-overlay.jpg,660,433,Affenpinscher,big
http://s3.amazonaws.com/assets.prod.vetstreet.com/6e/8b3640a3ff11e087a80050568d634f/file/Affenpinscher-5-645mk062311.jpg,574,380,Affenpinscher,big
https://s-media-cache-ak0.pinimg.com/236x/81/00/11/810011a98567d11fb1061e25881dba18.jpg,236,177,Affenpinscher,big
https://1.bp.blogspot.com/-VUpT-PRh0cc/VGOmngZOkHI/AAAAAAAATa0/eqXWw8yJ-PE/s1600/Affenpinscher2.png,672,500,Affenpinscher,big
https://s-media-cache-ak0.pinimg.com/236x/05/a5/e9/05a5e942f921dea15c982ee496e4cdb1.jpg,236,290,Affenpinscher,big
http://i.ytimg.com/vi/b9fiyc-KEJo/hqdefault.jpg,480,360,Affenpinscher,big
http://www.purina.com.au/~/media/PurinaAustralia/Images/Breeds/Dog/Affenpinscher.jpg,494,494,Affenpinscher,big
http://msnbcmedia.msn.com/i/MSNBC/Components/Video/__NEW/nn_09kt_westminster_130213.jpg,1280,960,Affenpinscher,big
https://s-media-cache-ak0.pinimg.com/236x/93/21/f7/9321f7452f4b38b1cc247a52cdeb25da.jpg,236,244,Affenpinscher,big
http://www.petyourdog.com/uploads/dog_pictures/large/1352915572~little-Affenpinscher-puppy-tired.jpg,400,348,Affenpinscher,big
http://r.ddmcdn.com/s_f/o_1/APL/uploads/2014/06/129226419233013144602501197_Affenpinscher.jpg,640,360,Affenpinscher,big
https://s-media-cache-ak0.pinimg.com/736x/61/0c/6b/610c6b521a659d49f9815a86bc0d38b9.jpg,736,552,Affenpinscher,big
http://d21vu35cjx7sd4.cloudfront.net/dims3/MMAH/crop/0x0%252B0%252B0/resize/645x380/quality/90/%3Furl%3Dhttp%253A%252F%252Fs3.amazonaws.com%252Fassets.prod.vetstreet.com%252Fcb%252Fa181a0a26911e087a80050568d634f%252Ffile%252FAffenpinscher-2-645mk062311.jpg,645,380,Affenpinscher,funny
http://www.petimages.info/wp-content/uploads/2015/10/affenpinscher-funny-photo-wuEb.jpg,1024,768,Affenpinscher,funny
https://s-media-cache-ak0.pinimg.com/736x/ce/58/95/ce58956497ffa6dead3aedc75edbbd57.jpg,736,969,Affenpinscher,funny
http://www.petimages.info/wp-content/uploads/2015/08/affenpinscher-funny-image-eOMs.jpg,1024,768,Affenpinscher,funny
https://s-media-cache-ak0.pinimg.com/736x/ff/f2/94/fff294dcba173ad6dbdd540be6bc4d8b.jpg,600,495,Affenpinscher,funny
http://www.thepetsclinic.com/wp-content/uploads/2015/01/Affenpinscher.jpg,2400,1800,Affenpinscher,funny
https://s-media-cache-ak0.pinimg.com/236x/2a/79/e6/2a79e65837b1a5e7120fa320298b43c0.jpg,236,354,Affenpinscher,funny
http://media.infobarrel.com/media/image/190987_max.jpg,378,567,Affenpinscher,funny
http://www.petsworld.in/blog/wp-content/uploads/2014/07/Affenpinscher1.jpg,300,332,Affenpinscher,funny
https://s-media-cache-ak0.pinimg.com/236x/48/fe/b3/48feb3f7016d82adb27385a8de577666.jpg,236,224,Affenpinscher,funny
http://www.petimages.info/wp-content/uploads/2015/09/affenpinscher-funny-photo-LRmc.jpg,1300,968,Affenpinscher,funny
http://static01.nyt.com/images/2013/02/13/sports/subDOG-refer/subDOG-refer-articleLarge.jpg,600,427,Affenpinscher,funny
https://img1.etsystatic.com/005/0/6891324/il_570xN.381041815_tf48.jpg,570,725,Affenpinscher,funny
http://d21vu35cjx7sd4.cloudfront.net/dims3/MMAH/crop/0x0%252B0%252B0/resize/645x380/quality/90/%3Furl%3Dhttp%253A%252F%252Fs3.amazonaws.com%252Fassets.prod.vetstreet.com%252F04%252F4dd150a71711e0a0d50050568d634f%252Ffile%252FAffenpinscher-5-645mk070111.jpg,645,380,Affenpinscher,funny
https://i.ytimg.com/vi/jrcaBtNEs8k/maxresdefault.jpg,1280,720,Affenpinscher,funny
http://cdnpix.com/show/imgs/ce4615d7058f15704cab448968bd5c90.jpg,500,400,Affenpinscher,funny
https://s-media-cache-ak0.pinimg.com/236x/01/23/96/012396ca00ae474f95eae2bd836addfd.jpg,184,250,Affenpinscher,funny
http://www.puppypoopy.com/affenpinscher5.jpg,357,500,Affenpinscher,funny
http://www.completedogsguide.com/images/dog-breeds/largepic/affenpinscher4.jpg,500,529,Affenpinscher,funny
http://cdn1-www.dogtime.com/assets/uploads/2011/01/file_23096_affenpinscher.jpg,460,290,Affenpinscher,funny
https://s-media-cache-ak0.pinimg.com/236x/87/bc/65/87bc650264998336e72c3f6ba14bf605.jpg,236,354,Affenpinscher,funny
http://images.sodahead.com/images/profiles/0/0/1/7/7/8/3/9/7/ugly-dog-1267102230.jpeg,334,345,Affenpinscher,funny
http://www.dogwallpapers.net/wallpapers/wallpaper-where-affenpinscher-watching-you.jpg,1280,798,Affenpinscher,funny
https://s-media-cache-ak0.pinimg.com/236x/4a/09/5e/4a095e546ee31d20d934116c78bf2d8a.jpg,236,314,Affenpinscher,funny
http://www.fun92.org/wallpapers/wp-content/uploads/toy_poodle.jpg,2113,2209,Affenpinscher,funny
http://www.dogwallpapers.net/wallpapers/wallpaper-of-cute-affenpinscher.jpg,1280,1024,Affenpinscher,funny
http://www.fun92.org/wallpapers/wp-content/uploads/Dog-breeds-a-affenpinscher-page-13.jpg,1900,1500,Affenpinscher,funny
https://40.media.tumblr.com/22e06f87c376c2291b8224c40aed3bd6/tumblr_nk7cekcEhF1qi4ucgo1_500.jpg,500,540,Affenpinscher,funny
http://www.dogwallpapers.net/wallpapers/black-affenpinscher.jpg,2400,1800,Affenpinscher,funny
http://www.dogbreedinfo.com/images25/AffenpinscherDogsPeter1HalfYearOld3.jpg,375,489,Affenpinscher,funny
https://40.media.tumblr.com/22e06f87c376c2291b8224c40aed3bd6/tumblr_nk7cekcEhF1qi4ucgo1_500.jpg,500,540,Affenpinscher,puppy
http://www.petyourdog.com/uploads/dog_pictures/large/1352915572~little-Affenpinscher-puppy-tired.jpg,400,348,Affenpinscher,puppy
http://www.petyourdog.com/uploads/dog_pictures/large/1352915569~Little-black-Affenpinscher-puppy-in-pink--.jpg,500,447,Affenpinscher,puppy
http://www.dogwallpapers.net/wallpapers/photo-of-black-affenpinscher-puppy.jpg,1024,768,Affenpinscher,puppy
http://puppydogweb.com/gallery/affenpinschers/images/affenpinscher_weizoerick.jpg,405,474,Affenpinscher,puppy
https://s-media-cache-ak0.pinimg.com/236x/98/a5/13/98a5137571d4670b48f9dc45e166bbc7.jpg,236,308,Affenpinscher,puppy
http://puppydogweb.com/gallery/affenpinschers/images/affenpinscher_richardc.jpg,400,554,Affenpinscher,puppy
http://1.bp.blogspot.com/-oHaqti5F5HI/UR78sY7dmlI/AAAAAAAAKa4/sorfjPLpk-g/s1600/Affenpinscher-Puppies-for-Sale.jpg,300,285,Affenpinscher,puppy
https://s3.amazonaws.com/pet-uploads.adoptapet.com/2/2/c/99101825.jpg%3F336w,336,269,Affenpinscher,puppy
https://s-media-cache-ak0.pinimg.com/236x/43/76/01/4376015904d9c891de12b51cf145b33f.jpg,236,317,Affenpinscher,puppy
http://www.dogbreedinfo.com/images11/AffenpinscherNietzsche1pic.JPG,350,301,Affenpinscher,puppy
http://www.yourpurebredpuppy.com/dogbreeds/photos-AB/affenpinschers-th.jpg,223,398,Affenpinscher,puppy
http://gotpetsonline.com/pictures-gallery/dog-pictures-breeders-puppies-rescue/affenpinscher-pictures-breeders-puppies-rescue/pictures/affenpinscher-0010.jpg,334,360,Affenpinscher,puppy
http://www.dogbreedinfo.com/images10/affenpinscherRose07041.JPG,400,300,Affenpinscher,puppy
http://www.localpuppybreeders.com/wp-content/uploads/photo-gallery/Affenpinscher/affenpinscher%2520puppy.jpg,400,300,Affenpinscher,puppy
http://images.bwbx.io/cms/2013-02-13/0213-banana-joe-630420.jpg,630,420,Affenpinscher,puppy
http://www.small-breed-dogs.com/images/brusselsgriffonwithteacup-left.jpg,317,360,Affenpinscher,puppy
http://www.dogbreedinfo.com/images10/AffenpinscherAugie07041.JPG,400,300,Affenpinscher,puppy
https://s-media-cache-ak0.pinimg.com/236x/ef/50/16/ef5016956e7a6d09d1fa3c40b75e45e1.jpg,236,196,Affenpinscher,puppy
http://www.dogbreedinfo.com/images10/AffenpinscherPuppies-May2-2004DSC00002.JPG,400,300,Affenpinscher,puppy
http://www.puppyfind.com/breed/affenpinscher/m_415065.jpg,220,220,Affenpinscher,puppy
http://orig09.deviantart.net/ded7/f/2011/058/c/a/affenpinscher_puppy_3_months_by_silentsh0ut-d3aivej.jpg,800,531,Affenpinscher,puppy
http://7-themes.com/data_images/out/58/6968765-affenpinscher-dogs.jpg,2400,1800,Affenpinscher,puppy
http://www.petimages.info/wp-content/uploads/2015/08/affenpinscher-puppies-image-rJbk.jpg,1280,960,Affenpinscher,puppy
http://www.dogforums.com/attachments/dog-pictures-forum/29744d1322774457-affenpinscher-puppy-affen-009.jpg,336,463,Affenpinscher,puppy
http://www.doggies.com/images-new/breed-guide-dog-photos/Affenpinscher_body.jpg,235,201,Affenpinscher,puppy
https://s-media-cache-ak0.pinimg.com/736x/c2/bc/ce/c2bcce5f84a4679b0a1906a1d0f70f75.jpg,247,250,Affenpinscher,puppy
https://s-media-cache-ak0.pinimg.com/236x/d1/22/8d/d1228d5a156cc1ce894d309682e16009.jpg,236,224,Affenpinscher,puppy
http://www.dogs-wallpapers.com/user-content/uploads/wall/o/49/affenpinscher_puppy_wallpaper.jpg,1024,768,Affenpinscher,puppy
http://mypetfinder.com/images/affenpinscher-0001.jpg,191,250,Affenpinscher,puppy
http://encyclopediaofdogbreeds.com/wp-content/uploads/2014/08/Afghan-Hound.jpg,1600,1200,Afghan Hound,big
http://www.toptenz.net/wp-content/uploads/2008/09/afghan-hound.jpg,445,450,Afghan Hound,big
http://www.coolestdognames.com/wp-content/uploads/2011/04/afghan-hound.jpg,300,230,Afghan Hound,big
http://www.spockthedog.com/wp-content/uploads/2013/02/Afghan-Hound.jpg,1800,1814,Afghan Hound,big
http://cdn.akc.org/akcdoglovers/afghanThumb.jpg,234,234,Afghan Hound,big
https://s-media-cache-ak0.pinimg.com/236x/82/9c/4c/829c4cd763b56697cec116ba10972bd6.jpg,236,303,Afghan Hound,big
http://www.punjabigraphics.com/animals/images/2/afghan-hound45.jpg,360,283,Afghan Hound,big
http://www.dogbreedinfo.com/images11/afghanTeddy0304%2520099.JPG,400,347,Afghan Hound,big
https://s-media-cache-ak0.pinimg.com/236x/b4/62/6a/b4626a2a41c6760b134ce16ce240f0f8.jpg,236,354,Afghan Hound,big
http://www.caninest.com/images/big-dogs.jpg,600,352,Afghan Hound,big
http://dogbreedsinfo.org/images/Afghan_Hound_Dog.jpg,250,206,Afghan Hound,big
http://knowledgebase.lookseek.com/images/animals/dogs/Afghan-Hound.jpg,400,250,Afghan Hound,big
http://www.dogbreedplus.com/dog_breeds/images/afghan_hound.jpg,300,281,Afghan Hound,big
http://cdn2-www.dogtime.com/assets/uploads/2011/01/file_23004_afghan-hound.jpg,460,290,Afghan Hound,big
https://www.petfinder.com/images/breeds/dog/1180.jpg,200,192,Afghan Hound,big
http://d21vu35cjx7sd4.cloudfront.net/dims3/MMAH/crop/0x0%252B0%252B0/resize/645x380/quality/90/%3Furl%3Dhttp%253A%252F%252Fs3.amazonaws.com%252Fassets.prod.vetstreet.com%252Fcc%252F1374d0a3ff11e087a80050568d634f%252Ffile%252FAfghan-Hound-1-645mk-062311.jpg,645,380,Afghan Hound,big
https://s-media-cache-ak0.pinimg.com/236x/80/e4/0f/80e40fb5e2ae78b0cf04982ed220b9d0.jpg,236,236,Afghan Hound,big
http://www.dogbreedinfo.com/images/afghanlilly_378x330.jpg,250,218,Afghan Hound,big
http://trupanion.com/blog/wp-content/uploads/2015/08/Afghan-Hound.jpg,425,282,Afghan Hound,big
https://upload.wikimedia.org/wikipedia/commons/7/78/Afghan_Hound3.jpg,2476,3299,Afghan Hound,big
https://s-media-cache-ak0.pinimg.com/236x/37/a8/d6/37a8d6ea6f8b33768ca2359bec64a79a.jpg,236,355,Afghan Hound,big
https://s-media-cache-ak0.pinimg.com/236x/b2/72/36/b27236aa9043a8e46d81dcc5c3cbd11b.jpg,236,354,Afghan Hound,big
http://usercontent1.hubimg.com/6919582_f260.jpg,260,347,Afghan Hound,big
https://s-media-cache-ak0.pinimg.com/236x/31/f6/97/31f697342e13cb0cc48e84f3764d4617.jpg,236,177,Afghan Hound,big
https://upload.wikimedia.org/wikipedia/commons/f/fe/Afghan_Hound.jpg,548,566,Afghan Hound,big
http://pes-portal.sk/breeds/afghan-hound/2218-afghan-hound.jpg,360,300,Afghan Hound,big
https://s-media-cache-ak0.pinimg.com/736x/9c/c7/99/9cc799cdc261b161b724334326a16a6e.jpg,550,913,Afghan Hound,big
http://www.dog-breeds-expert.com/images/afghan-hound-flickr-diveofficer-cropped.jpg,446,475,Afghan Hound,big
http://www.hillspet.com/images/en-gb/img_DogBreed-Afghan-Hound.jpg,191,162,Afghan Hound,big
http://nextpup.com/wp-content/uploads/afghan-hound-dogs-feeding-diet.jpg,588,276,Afghan Hound,big
http://www.petimages.info/wp-content/uploads/2015/09/funny-afghan-hound-pictures-photo-vOAL.jpg,1024,768,Afghan Hound,funny
http://www.dogwallpapers.net/wallpapers/funny-spectacled-afghan-hound.jpg,1400,785,Afghan Hound,funny
http://www.petyourdog.com/uploads/dog_pictures/large/1352063560~NoBrainer.jpg,500,323,Afghan Hound,funny
https://s-media-cache-ak0.pinimg.com/236x/bc/d2/63/bcd263268d0b4e419d43fb6ee7d035a2.jpg,236,354,Afghan Hound,funny
http://whimsicalhomeandgarden.com/wp-content/uploads/2013/04/rachelcvr1.jpg,720,895,Afghan Hound,funny
https://s-media-cache-ak0.pinimg.com/236x/bd/53/66/bd536663c0d619f681511a1625ecfcf8.jpg,236,314,Afghan Hound,funny
https://s-media-cache-ak0.pinimg.com/236x/e5/11/ae/e511ae3fbbb5bfbc5ff5787a88fe0edc.jpg,236,354,Afghan Hound,funny
http://petasu.com/wp-content/uploads/2015/05/Afghan-Hound-Golden-Retriever-Mix-Funny-picture.jpg,2041,2057,Afghan Hound,funny
http://assets.dogtime.com/asset/image/4f9669a5eadf725ead0002ea/column_Afghan-Hound-1-picture.jpg,460,307,Afghan Hound,funny
http://cdn.images.express.co.uk/img/dynamic/12/590x/Dogs-in-headscarves-549540.jpg,590,350,Afghan Hound,funny
http://afghanhoundtimes.com/bloom1.jpg,398,300,Afghan Hound,funny
http://mydoggys.files.wordpress.com/2011/03/afghan-hound-mydoggys-wordpress-com.jpg,360,333,Afghan Hound,funny
http://petasu.com/wp-content/uploads/2015/05/Afghan-Hound-Long-Haired-Dogs-Funny-picture.jpg,2476,3299,Afghan Hound,funny
https://s-media-cache-ak0.pinimg.com/236x/fe/57/c4/fe57c4fbcc700b41b5ca5ec259951082.jpg,236,351,Afghan Hound,funny
http://cdn2.thegloss.com/wp-content/uploads/2014/06/Afghan-Hound-Blond.jpg,800,1067,Afghan Hound,funny
http://i.ytimg.com/vi/HgK7eN6ieq4/hqdefault.jpg,480,360,Afghan Hound,funny
http://i4.mirror.co.uk/incoming/article380886.ece/ALTERNATES/s615/news-pics-image-5-767561560.jpg,615,409,Afghan Hound,funny
http://i.dailymail.co.uk/i/pix/2012/03/11/article-2113454-03C1333A000005DC-256_634x385.jpg,634,385,Afghan Hound,funny
http://www.dailypets.co.uk/wp-content/uploads/2007/09/afghan1.jpg,450,519,Afghan Hound,funny
https://s-media-cache-ak0.pinimg.com/236x/76/66/3a/76663aa87c13083cb2cb29c3d6b07adc.jpg,236,269,Afghan Hound,funny
https://s-media-cache-ak0.pinimg.com/236x/48/88/ea/4888ea60cface9dd67106ba60b1ccd72.jpg,236,361,Afghan Hound,funny
http://cdn.lolzbook.com/wp-content/uploads/2012/01/totally_looks_like_77.jpg,550,372,Afghan Hound,funny
http://www.dogwallpapers.net/wallpapers/cute-running-afghan-hound.jpg,3077,2919,Afghan Hound,funny
http://snabbieyoyo.org/albums/icanhas/funny_dog_pictures_afghan_hound.jpg,500,375,Afghan Hound,funny
http://www.animalpictures1.com/data/thumbnails/144/Funny_Afghan_Hound.jpg,133,170,Afghan Hound,funny
http://petasu.com/wp-content/uploads/2015/05/Afghan-Hound-Short-Hair-Great-pets.jpg,1920,1200,Afghan Hound,funny
http://petcollectionworld.com/wp-content/uploads/2012/09/Afghan-Hound-Cute-Puppy-picture.jpg,635,451,Afghan Hound,funny
http://static.boredpanda.com/blog/wp-content/uploads/2014/11/XX-Animals-That-Need-To-Get-A-Haircut-Real-Bad3__700.jpg,700,716,Afghan Hound,funny
http://www.coolanimalworld.com/wp-content/uploads/2012/09/Elegant-and-lively-Afghan-Hound-01.jpg,750,563,Afghan Hound,funny
http://www.yeepet.com/blog_image/201011/BlogImg2_1290057165.jpg,400,400,Afghan Hound,funny
http://thumbs.dreamstime.com/z/afghan-hound-puppy-father-1642282.jpg,1019,1300,Afghan Hound,puppy
https://s-media-cache-ak0.pinimg.com/236x/88/ca/2b/88ca2b35ad7f45d7bef22a50f982c14d.jpg,236,240,Afghan Hound,puppy
http://www.101dogbreeds.com/wp-content/uploads/2014/12/Afghan-Hound-Puppy.jpg,800,534,Afghan Hound,puppy
http://thumbs.dreamstime.com/z/afghan-hound-puppy-1642404.jpg,1018,1300,Afghan Hound,puppy
http://cp4s.laurietooker.com/wp-content/uploads/2010/04/Afghan-Hound-For-Sale.jpg,298,319,Afghan Hound,puppy
http://www.dogbreedplus.com/dog_breeds/images/afghan-hound-puppies.jpg,600,400,Afghan Hound,puppy
http://huntingdogs.us/wp-content/uploads/2014/02/afghan-hound-puppies-4.jpg,800,532,Afghan Hound,puppy
http://thumbs.dreamstime.com/z/afghan-hound-puppy-toy-1642261.jpg,1300,1032,Afghan Hound,puppy
http://www.dogbreedinfo.com/images11/afghanTeddyEd%2520022.JPG,350,355,Afghan Hound,puppy
http://www.orangedonkey.net/wp-content/uploads/2011/02/Afghan-Hound-Cute-Puppy8.jpg,635,451,Afghan Hound,puppy
http://puppydogweb.com/gallery/afghanhounds/images/afghandhound_arney.jpg,300,305,Afghan Hound,puppy
https://s-media-cache-ak0.pinimg.com/236x/ef/1e/b0/ef1eb0f823bc8b3a73c2376484677ddc.jpg,236,419,Afghan Hound,puppy
http://dgicdplf3pvka.cloudfront.net/images/dogbreeds/large/Afghan-Hound.jpg,645,430,Afghan Hound,puppy
https://41.media.tumblr.com/8d7b4e337632843e3e110c4e059c71c4/tumblr_nk7ci6MPQp1qi4ucgo1_1280.jpg,867,1054,Afghan Hound,puppy
http://www.afghanhound911.com/nikko20garden.jpg,350,275,Afghan Hound,puppy
http://static.gotpetsonline.com/pictures-gallery/dog-pictures-breeders-puppies-rescue/afghan-hound-pictures-breeders-puppies-rescue/pictures/afghan-hound-0010.jpg,360,288,Afghan Hound,puppy
https://s-media-cache-ak0.pinimg.com/236x/b4/f1/c3/b4f1c3723aa516e7a56dac90f2df930b.jpg,236,344,Afghan Hound,puppy
http://www.petimages.info/wp-content/uploads/2015/09/afghan-hound-puppies-florida-image-oFkE.jpg,1280,1024,Afghan Hound,puppy
http://www.dogbreedinfo.com/images11/afghanTeddy0304%2520099.JPG,400,347,Afghan Hound,puppy
https://c1.staticflickr.com/3/2448/3550911012_a606e99070.jpg,500,357,Afghan Hound,puppy
http://www.hosanna1.com/Hounds/MemorialPuppies/img12.jpg,500,324,Afghan Hound,puppy
http://thedogpuppies.com/wp-content/uploads/2014/07/Afghan-hound-puppies-2.jpg,625,507,Afghan Hound,puppy
https://s-media-cache-ak0.pinimg.com/236x/bf/dd/97/bfdd97eab9aa716b4bd82e2e719f3186.jpg,236,353,Afghan Hound,puppy
https://s-media-cache-ak0.pinimg.com/236x/e5/11/ae/e511ae3fbbb5bfbc5ff5787a88fe0edc.jpg,236,354,Afghan Hound,puppy
http://www.polyvore.com/cgi/img-thing%3F.out%3Djpg%26size%3Dl%26tid%3D5102709,300,300,Afghan Hound,puppy
http://www.petimages.info/wp-content/uploads/2015/09/afghan-hound-puppies-in-california-image-LcQh.jpg,1024,768,Afghan Hound,puppy
http://i38.photobucket.com/albums/e126/miacarmel/dogs/afghan-hound.jpg,232,339,Afghan Hound,puppy
https://pupsusa.com/images/breed/Afghan%2520Hound.jpg,250,284,Afghan Hound,puppy
http://i.ytimg.com/vi/Ih91LPhGxUI/maxresdefault.jpg,1280,720,Afghan Hound,puppy
http://www.hosanna1.com/MahadiAfghanHounds/img7.jpg,350,325,Afghan Hound,puppy
http://dogbreedsinfo.org/images/Airedale_Terrier_Dog.jpg,350,321,Airedale Terrier,big
http://thumbs.dreamstime.com/z/cute-fluffy-big-dog-head-side-beging-treat-close-up-portrait-gorgeous-purebred-airedale-terrier-go-his-tilted-34568098.jpg,1300,1003,Airedale Terrier,big
http://www.dogguide.net/images/allergy-breeds/Airedale.jpg,449,500,Airedale Terrier,big
http://www.fordogtrainers.com/productimages/pictures/breed/airedale-terrier/dog-harnesses/nylon-dog-harness/h4-nylon-dog-harness/black/nylon-dog-harness-walking-dog-harness.jpg,600,450,Airedale Terrier,big
http://www.fordogtrainers.com/images/dog-harnesses/Airedale-Terrier-Leather-Harness-for-Training-BIG.jpg,600,450,Airedale Terrier,big
http://dog-harness-store.com/images/large/airedale-terrier-dog-harness-dog-breed_LRG.jpg,600,450,Airedale Terrier,big
http://www.fordogtrainers.com/images/large/airedale-terrier-dog-harness-for-wallking_LRG.jpg,600,450,Airedale Terrier,big
https://upload.wikimedia.org/wikipedia/commons/thumb/5/52/Airedale_Terrier.jpg/220px-Airedale_Terrier.jpg,220,180,Airedale Terrier,big
http://www.petyourdog.com/uploads/dog_pictures/large/1353183587~three-Airedale-Terrier-is-cutting-jokes-.jpg,750,517,Airedale Terrier,big
https://upload.wikimedia.org/wikipedia/commons/8/8b/Airedale_Terrier_stehend_unkupiert.JPG,1144,859,Airedale Terrier,big
http://previews.123rf.com/images/sgcallaway1994/sgcallaway19941007/sgcallaway1994100700004/7433920-Large-brown-airedale-terrier-sits-for-picture-with-sneaky-little-gray-dog-grinning-in-the-background-Stock-Photo.jpg,1042,1300,Airedale Terrier,big
http://www.canidae.com/blog/wp-content/uploads/blogger/-9llHGUJ1oNo/UYFh9CCWmmI/AAAAAAAAFRo/XlHh-U--pH0/s1600/Airedale%252BTerrier%252BLulu%252BHoeller.jpg,261,348,Airedale Terrier,big
http://cdn1-www.dogtime.com/assets/uploads/2011/01/file_23050_airedale-terrier.jpg,460,290,Airedale Terrier,big
https://s-media-cache-ak0.pinimg.com/736x/b7/61/8d/b7618df4347cf8891d19dca614f7fde6.jpg,546,380,Airedale Terrier,big
http://www.punjabigraphics.com/animals/images/3/airedale-terrier210.jpg,625,450,Airedale Terrier,big
http://www.dogchannel.com/images/articles/breed_profile_images/airedale-terrier.jpg,345,345,Airedale Terrier,big
http://i.imgur.com/HiDKVeE.jpg,1024,778,Airedale Terrier,big
https://s-media-cache-ak0.pinimg.com/736x/fe/b8/24/feb824116af58678a7a4d48fa2ef145f.jpg,683,1024,Airedale Terrier,big
http://animal-world.com/dogs/Terrier-Dog-Breeds/images/AiredaleTerrier3WDT_Ap6F.jpg,400,368,Airedale Terrier,big
http://d21vu35cjx7sd4.cloudfront.net/dims3/MMAH/thumbnail/590x420/quality/90/%3Furl%3Dhttp%253A%252F%252Fs3.amazonaws.com%252Fassets.prod.vetstreet.com%252F39%252F85%252Fcfce21b7435cbec91fd9c0eea334%252Fairedale-terrier-AP-V8LZYS-590sm61313.jpg,590,420,Airedale Terrier,big
http://previews.123rf.com/images/pixel1962/pixel19621207/pixel1962120700015/14483654-cute-big-Brown-airedale-terrier-dog-close-up-Stock-Photo.jpg,1300,1274,Airedale Terrier,big
https://s-media-cache-ak0.pinimg.com/736x/b4/ba/1f/b4ba1f4de70f1f071cff49496730a89d.jpg,736,1340,Airedale Terrier,big
http://previews.123rf.com/images/pixel1962/pixel19621207/pixel1962120700016/14483683-cute-big-Brown-airedale-terrier-dog-close-up-Stock-Photo.jpg,866,1300,Airedale Terrier,big
http://www.hillspet.com/images/en-gb/img_DogBreed-Airedale-Terrier.jpg,191,162,Airedale Terrier,big
http://www.dogbiz.com/dogs-grp4/airedale-t/images/airedale-275x275-tig-128.gif,275,275,Airedale Terrier,big
http://www.dogbreedplus.com/dog_breeds/images/airedale_terrier.jpg,250,250,Airedale Terrier,big
http://thumbs.dreamstime.com/z/large-fluffy-dog-christmas-costume-reindeer-antler-beautiful-pedigree-airedale-terrier-adult-dressed-up-fancy-dress-36022265.jpg,1300,1005,Airedale Terrier,big
http://puppydogweb.com/caninebreeds/dogimages/airedaleterrier_pdw.jpg,309,350,Airedale Terrier,big
http://thumbs.dreamstime.com/z/close-up-funny-large-airedale-terrier-dog-chris-closeup-portrait-image-head-shoulders-shot-beautiful-pedigree-adult-36022418.jpg,964,1300,Airedale Terrier,big
http://d21vu35cjx7sd4.cloudfront.net/dims3/MMAH/crop/0x0%252B0%252B0/resize/645x380/quality/90/%3Furl%3Dhttp%253A%252F%252Fs3.amazonaws.com%252Fassets.prod.vetstreet.com%252Fad%252F0b4c00a71711e0a0d50050568d634f%252Ffile%252FAiredale-Terriers-1-645mk070411.jpg,645,380,Airedale Terrier,big
http://thumbs.dreamstime.com/z/close-up-funny-large-airedale-terrier-dog-chris-closeup-portrait-image-head-shoulders-shot-beautiful-pedigree-adult-36022418.jpg,964,1300,Airedale Terrier,funny
http://www.petyourdog.com/uploads/dog_pictures/large/1353183587~three-Airedale-Terrier-is-cutting-jokes-.jpg,750,517,Airedale Terrier,funny
http://thumbs.dreamstime.com/z/three-amigos-different-breed-dogs-best-friends-funny-comical-portrait-family-pet-two-purebred-airedale-terriers-32368609.jpg,1300,993,Airedale Terrier,funny
http://www.wall321.com/thumbnails/detail/20120519/animals%2520dogs%2520funny%2520dancing%2520airedale%2520terrier%2520terrier%25201600x1200%2520wallpaper_www.wall321.com_34.jpg,800,600,Airedale Terrier,funny
http://thumbs.dreamstime.com/z/airedale-terrier-playing-white-cat-21502717.jpg,1300,957,Airedale Terrier,funny
http://previews.123rf.com/images/sgcallaway1994/sgcallaway19940908/sgcallaway1994090800009/5327170-Funny-looking-airedale-terrier-dog-with-silly-expression-looking-up-waiting-for-a-treat-Stock-Photo.jpg,1269,1300,Airedale Terrier,funny
http://www.dogwallpapers.net/wallpapers/funny-airedale-terrie-in-the-car.jpg,4752,3168,Airedale Terrier,funny
https://s-media-cache-ak0.pinimg.com/236x/88/f8/91/88f8911ca40f4c74ba774a78b919bc2a.jpg,236,388,Airedale Terrier,funny
http://www.punjabigraphics.com/animals/images/3/airedale-terrier163.jpg,296,360,Airedale Terrier,funny
http://www.punjabigraphics.com/animals/images/3/airedale-terrier38.jpg,360,304,Airedale Terrier,funny
http://www.hobicell.com/wallpaper/airedale/airedale-terrier-and-his-hat-photo-wallpaper-beautiful-hat-top-dog-wallpaper-1080p-.jpg,3168,2112,Airedale Terrier,funny
http://thumbs.dreamstime.com/z/scruffy-airedale-terrier-dog-head-shot-7026146.jpg,1300,968,Airedale Terrier,funny
http://petcollectionworld.com/wp-content/uploads/2012/02/Airedale-Terrier-Wallpaper.jpg,300,240,Airedale Terrier,funny
http://lifetomax.com/blog/wp-content/uploads/2010/01/timber_on_mower1.jpg,600,371,Airedale Terrier,funny
http://a1.mzstatic.com/us/r30/Purple/v4/a3/d5/1d/a3d51d37-5fcf-ecdf-976d-3b20163dd79d/screen480x480.jpeg,480,360,Airedale Terrier,funny
https://s-media-cache-ak0.pinimg.com/236x/13/46/17/134617f3f51485ad194e0fee155968df.jpg,236,236,Airedale Terrier,funny
http://fundamentalpursuits.com/wp-content/uploads/2014/03/f4d504ecb68011e386d6125cfcbbe45a_8.jpg,640,640,Airedale Terrier,funny
http://previews.123rf.com/images/yacobchuk/yacobchuk1501/yacobchuk150100574/35997090-Funny-little-hipster-Portrait-of-black-brown-Airedale-Terrier-dog-with-a-bow-tie-isolated-on-black-b-Stock-Photo.jpg,867,1300,Airedale Terrier,funny
http://comps.canstockphoto.com/can-stock-photo_csp4016907.jpg,450,469,Airedale Terrier,funny
https://s-media-cache-ak0.pinimg.com/236x/cc/0d/5b/cc0d5b67b799453bc2db4939bc9cf13b.jpg,236,177,Airedale Terrier,funny
http://www.dogingtonpost.com/wp-content/uploads/2011/12/airedale-terrier.jpg,287,344,Airedale Terrier,funny
http://previews.123rf.com/images/yacobchuk/yacobchuk1501/yacobchuk150100571/35997087-Funny-little-hipster-Top-view-portrait-of-black-brown-Airedale-Terrier-dog-with-a-bow-tie-isolated-o-Stock-Photo.jpg,867,1300,Airedale Terrier,funny
http://a2.mzstatic.com/us/r30/Purple/v4/7b/e4/07/7be4072a-818d-3e83-481d-9789743079b7/screen480x480.jpeg,480,360,Airedale Terrier,funny
https://s-media-cache-ak0.pinimg.com/236x/d8/e1/b6/d8e1b61fa296c73f0e74e816f382af0e.jpg,236,356,Airedale Terrier,funny
http://thumbs.dreamstime.com/z/funny-big-dogs-meet-standoff-christmas-outfit-two-purebred-airedale-terrier-each-their-owners-lead-first-time-36022893.jpg,1300,976,Airedale Terrier,funny
http://www.dogs-wallpapers.com/user-content/uploads/wall/o/89/airedale_terrier_funny.jpg,2048,1536,Airedale Terrier,funny
https://s-media-cache-ak0.pinimg.com/236x/d1/4f/ff/d14fffea904dd96db9409edecfb6abd1.jpg,236,280,Airedale Terrier,funny
http://thumbs.dreamstime.com/z/funny-big-fluffy-curly-playful-dog-water-pure-bred-airedale-terrier-breed-beating-australian-hot-summer-heat-wave-37804448.jpg,1300,951,Airedale Terrier,funny
https://s-media-cache-ak0.pinimg.com/236x/85/b3/fc/85b3fc72f47a1c37beb9b2f0277928ae.jpg,236,170,Airedale Terrier,funny
http://static2.bigstockphoto.com/thumbs/2/2/4/large2/4226461.jpg,299,470,Airedale Terrier,funny
http://previews.123rf.com/images/anyka/anyka0811/anyka081100101/3900166-8-weeks-old-little-airedale-terrier-puppy-dog-with-its-paws-on-a-crate-Stock-Photo.jpg,1300,1085,Airedale Terrier,puppy
https://s-media-cache-ak0.pinimg.com/736x/20/ab/36/20ab3614fcd1c895427a8e47e119ab57.jpg,507,757,Airedale Terrier,puppy
http://www.dogbreedinfo.com/images12/AiredaleTerrier0662923R104119.JPG,350,261,Airedale Terrier,puppy
http://previews.123rf.com/images/anyka/anyka0811/anyka081100151/3923636-8-weeks-old-little-airedale-terrier-puppy-dog-on-a-beer-barrel-Stock-Photo.jpg,834,1300,Airedale Terrier,puppy
http://thedogpuppies.com/wp-content/uploads/2014/06/Airedale-Terrier-puppies.jpg,700,468,Airedale Terrier,puppy
http://www.dogbreedinfo.com/images7/AiredaleJackson9weeks.jpg,350,320,Airedale Terrier,puppy
https://s-media-cache-ak0.pinimg.com/236x/1e/75/a4/1e75a4c0339b58aef55cf933719a48a0.jpg,236,188,Airedale Terrier,puppy
http://www.dogwallpapers.net/wallpapers/photo-of-nice-airedale-terrier-puppy.jpg,1004,1380,Airedale Terrier,puppy
http://www.spirit-animals.com/wp-content/uploads/2013/07/Airedale-Terrier-2.jpg,1500,1000,Airedale Terrier,puppy
https://s-media-cache-ak0.pinimg.com/originals/1f/57/52/1f5752fa7e657b6643ea334ec8a5aea4.jpg,1280,1024,Airedale Terrier,puppy
http://www.breederretriever.com/photopost/data/564/21.jpg,1000,1000,Airedale Terrier,puppy
https://s-media-cache-ak0.pinimg.com/236x/a7/f0/49/a7f049d39e6ba6c1b7fe118bcd4a0130.jpg,236,212,Airedale Terrier,puppy
https://40.media.tumblr.com/d5346015c6951e19b5048102c6322a72/tumblr_nuype8MtqX1rdspg7o1_500.jpg,450,675,Airedale Terrier,puppy
http://www.happydogheaven.com/wp-content/uploads/airedale-terrier-puppies-airedale-terrier-puppies-all-dog-breed-and-photos.jpg,300,529,Airedale Terrier,puppy
http://www.dogwallpapers.net/wallpapers/three-cute-airedale-terrier-puppies-wallpaper.jpg,1152,864,Airedale Terrier,puppy
http://k9wdi.com/images/siteimages/breeds/airedale-terrier.jpg,300,447,Airedale Terrier,puppy
http://www.ispc16.org/wp-content/uploads/2013/09/airedale-terrier-puppies-for-sale-in-michigan.jpg,450,349,Airedale Terrier,puppy
https://www.pets4you.com/images/breeds/airedale-terrier.jpg,300,300,Airedale Terrier,puppy
http://cdn-www.dailypuppy.com/dog-images/higgins-the-airedale-terrier-4_56016_2011-03-01_w450.jpg,450,522,Airedale Terrier,puppy
http://www.pictures-of-puppies.com/wallpapers/airedale_terrier_puppy-1280x1024.jpg,1280,1024,Airedale Terrier,puppy
http://www.dogwallpapers.net/wallpapers/cute-airedale-terrier-puppy.jpg,840,1120,Airedale Terrier,puppy
http://dgicdplf3pvka.cloudfront.net/images/dogbreeds/large/Airedale-Terrier.jpg,645,430,Airedale Terrier,puppy
https://s-media-cache-ak0.pinimg.com/236x/07/2e/6a/072e6ac8c89f0ab08c5329295ba964ee.jpg,200,280,Airedale Terrier,puppy
http://www.dogwallpapers.net/wallpapers/airedale-terrier-girl-and-her-puppies-wallpaper.jpg,1280,960,Airedale Terrier,puppy
https://s-media-cache-ak0.pinimg.com/236x/bd/44/31/bd44315e1e03c29cf272964d07d4fdc0.jpg,236,327,Airedale Terrier,puppy
http://www.piutre.com/media/catalog/product/cache/1/image/9df78eab33525d08d6e5fb8d27136e95/a/i/airedale-terrier-puppy-plush-piutre-2219-a_1.jpg,640,480,Airedale Terrier,puppy
http://www.breederretriever.com/photopost/data/564/airedale_pup_2.jpg,256,300,Airedale Terrier,puppy
https://s-media-cache-ak0.pinimg.com/236x/0e/fd/b4/0efdb4f5553e86a1c158bcb507f2d615.jpg,236,257,Airedale Terrier,puppy
http://cdn-2.dooziedog.com/dog_breeds/airedale_terrier/images/full/airedale_terrier_puppy_1.jpg,579,534,Airedale Terrier,puppy
http://bestdogbreeds.net/wp-content/uploads/2014/03/airedale-terrier-puppies-for-sale-4.jpg,1024,768,Airedale Terrier,puppy
http://www.toptenz.net/wp-content/uploads/2008/09/afghan-hound.jpg,445,450,Afghan Hound,big
http://www.coolestdognames.com/wp-content/uploads/2011/04/afghan-hound.jpg,300,230,Afghan Hound,big
https://s-media-cache-ak0.pinimg.com/736x/af/f4/5c/aff45ccaec782cec527362b1ad9c69bf.jpg,400,341,Afghan Hound,big
http://www.spockthedog.com/wp-content/uploads/2013/02/Afghan-Hound.jpg,1800,1814,Afghan Hound,big
https://s-media-cache-ak0.pinimg.com/236x/82/9c/4c/829c4cd763b56697cec116ba10972bd6.jpg,236,303,Afghan Hound,big
https://s-media-cache-ak0.pinimg.com/236x/3b/eb/de/3bebde10fd204bd360a40b03e52fdc5b.jpg,236,281,Afghan Hound,big
http://www.dog-breeds-expert.com/images/afghan-hound1.jpg,612,599,Afghan Hound,big
https://s-media-cache-ak0.pinimg.com/236x/b4/62/6a/b4626a2a41c6760b134ce16ce240f0f8.jpg,236,354,Afghan Hound,big
http://www.punjabigraphics.com/animals/images/2/afghan-hound45.jpg,360,283,Afghan Hound,big
http://dogbreedsinfo.org/images/Afghan_Hound_Dog.jpg,250,206,Afghan Hound,big
http://cdn2-www.dogtime.com/assets/uploads/2011/01/file_23004_afghan-hound.jpg,460,290,Afghan Hound,big
https://www.petfinder.com/images/breeds/dog/1180.jpg,200,192,Afghan Hound,big
http://www.dogguide.net/images/breeds/afghanhound1.jpg,148,175,Afghan Hound,big
http://www.dogbreedinfo.com/images/afghanlilly_378x330.jpg,250,218,Afghan Hound,big
https://upload.wikimedia.org/wikipedia/commons/7/78/Afghan_Hound3.jpg,2476,3299,Afghan Hound,big
https://s-media-cache-ak0.pinimg.com/236x/46/ae/4b/46ae4bfd49d48dee2e7be6676632cdea.jpg,236,425,Afghan Hound,big
http://nextpup.com/wp-content/uploads/afghan-hound-dogs-feeding-diet.jpg,588,276,Afghan Hound,big
https://s-media-cache-ak0.pinimg.com/236x/31/f6/97/31f697342e13cb0cc48e84f3764d4617.jpg,236,177,Afghan Hound,big
https://s-media-cache-ak0.pinimg.com/236x/e9/ec/e1/e9ece1ef1d2f1b9a295228801b6b7918.jpg,236,324,Afghan Hound,big
http://www.dog-breeds-expert.com/images/afghan-hound-flickr-diveofficer-cropped.jpg,446,475,Afghan Hound,big
https://2.bp.blogspot.com/-PcQssFDizDA/VGOoyrUW42I/AAAAAAAATbA/lZTouCRUM-c/s1600/Afghan%252BHound%252B2.jpg,500,735,Afghan Hound,big
https://s-media-cache-ak0.pinimg.com/236x/75/35/87/753587b37ede5a24a59975799509df6b.jpg,236,354,Afghan Hound,big
http://pes-portal.sk/breeds/afghan-hound/2218-afghan-hound.jpg,360,300,Afghan Hound,big
http://www.hillspet.com/images/en-gb/img_DogBreed-Afghan-Hound.jpg,191,162,Afghan Hound,big
https://s-media-cache-ak0.pinimg.com/236x/37/a8/d6/37a8d6ea6f8b33768ca2359bec64a79a.jpg,236,355,Afghan Hound,big
http://www.dogchannel.com/images/articles/breed_profile_images/afghan-hound.jpg,345,345,Afghan Hound,big
https://s-media-cache-ak0.pinimg.com/236x/88/ca/2b/88ca2b35ad7f45d7bef22a50f982c14d.jpg,236,240,Afghan Hound,puppy
http://thumbs.dreamstime.com/z/afghan-hound-puppy-father-1642282.jpg,1019,1300,Afghan Hound,puppy
http://www.101dogbreeds.com/wp-content/uploads/2014/12/Afghan-Hound-Puppy.jpg,800,534,Afghan Hound,puppy
http://www.doggies.com/imageuploads/1243277666_afghan3.jpg,236,363,Afghan Hound,puppy
http://www.dogbreedplus.com/dog_breeds/images/afghan-hound-puppies.jpg,600,400,Afghan Hound,puppy
http://cp4s.laurietooker.com/wp-content/uploads/2010/04/Afghan-Hound-For-Sale.jpg,298,319,Afghan Hound,puppy
http://thumbs.dreamstime.com/z/afghan-hound-puppy-toy-1642261.jpg,1300,1032,Afghan Hound,puppy
https://s-media-cache-ak0.pinimg.com/236x/01/80/a7/0180a7d569f6a2a5455b7ff38fb21c10.jpg,236,354,Afghan Hound,puppy
http://puppydogweb.com/gallery/afghanhounds/images/afghandhound_arney.jpg,300,305,Afghan Hound,puppy
http://www.petimages.info/wp-content/uploads/2015/09/afghan-hound-puppies-in-california-image-DQHx.jpg,1024,768,Afghan Hound,puppy
http://www.orangedonkey.net/wp-content/uploads/2011/02/Afghan-Hound-Cute-Puppy8.jpg,635,451,Afghan Hound,puppy
http://www.petimages.info/wp-content/uploads/2015/09/afghan-hound-puppies-image-cpSB.jpg,1024,768,Afghan Hound,puppy
http://www.afghanhound911.com/nikko20garden.jpg,350,275,Afghan Hound,puppy
https://41.media.tumblr.com/8d7b4e337632843e3e110c4e059c71c4/tumblr_nk7ci6MPQp1qi4ucgo1_1280.jpg,867,1054,Afghan Hound,puppy
https://s-media-cache-ak0.pinimg.com/236x/b4/f1/c3/b4f1c3723aa516e7a56dac90f2df930b.jpg,236,344,Afghan Hound,puppy
http://www.dogbreedinfo.com/images/afghanlilly_378x330.jpg,250,218,Afghan Hound,puppy
http://thumbs.dreamstime.com/z/afghan-hound-puppy-1642250.jpg,991,1300,Afghan Hound,puppy
http://www.hosanna1.com/Hounds/MemorialPuppies/img12.jpg,500,324,Afghan Hound,puppy
http://thedogpuppies.com/wp-content/uploads/2014/07/Afghan-hound-puppies-2.jpg,625,507,Afghan Hound,puppy
https://s-media-cache-ak0.pinimg.com/236x/bf/dd/97/bfdd97eab9aa716b4bd82e2e719f3186.jpg,236,353,Afghan Hound,puppy
https://s-media-cache-ak0.pinimg.com/236x/e5/11/ae/e511ae3fbbb5bfbc5ff5787a88fe0edc.jpg,236,354,Afghan Hound,puppy
http://www.hosanna1.com/Hounds/Photos/PrecPupCrDM1-031019-1wk.JPG,600,564,Afghan Hound,puppy
http://i38.photobucket.com/albums/e126/miacarmel/dogs/afghan-hound.jpg,232,339,Afghan Hound,puppy
http://www.petimages.info/wp-content/uploads/2015/09/miniature-afghan-hound-puppies-picture.jpg,1024,768,Afghan Hound,puppy
http://www.hosanna1.com/MahadiAfghanHounds/img7.jpg,350,325,Afghan Hound,puppy
https://s-media-cache-ak0.pinimg.com/236x/aa/69/eb/aa69eb37229fd44808dd5166f70c28d9.jpg,236,354,Afghan Hound,puppy
http://dogbreedsinfo.org/images/Airedale_Terrier_Dog.jpg,350,321,Airedale Terrier,big
http://farm1.static.flickr.com/52/164005758_51b2848767.jpg,449,500,Airedale Terrier,big
http://thumbs.dreamstime.com/z/cute-fluffy-big-dog-head-side-beging-treat-close-up-portrait-gorgeous-purebred-airedale-terrier-go-his-tilted-34568098.jpg,1300,1003,Airedale Terrier,big
http://dog-harness-store.com/images/large/airedale-terrier-dog-harness-dog-breed_LRG.jpg,600,450,Airedale Terrier,big
http://www.fordogtrainers.com/images/dog-harnesses/Airedale-Terrier-Leather-Harness-for-Training-BIG.jpg,600,450,Airedale Terrier,big
https://upload.wikimedia.org/wikipedia/commons/8/8b/Airedale_Terrier_stehend_unkupiert.JPG,1144,859,Airedale Terrier,big
http://www.petyourdog.com/uploads/dog_pictures/large/1353183587~three-Airedale-Terrier-is-cutting-jokes-.jpg,750,517,Airedale Terrier,big
https://www.petfinder.com/images/breeds/dog/1860.jpg,200,192,Airedale Terrier,big
http://www.ariionkathleenbrindley.com/airedale-terrier.jpg,400,400,Airedale Terrier,big
https://s-media-cache-ak0.pinimg.com/736x/b7/61/8d/b7618df4347cf8891d19dca614f7fde6.jpg,546,380,Airedale Terrier,big
http://www.dogbreedinfo.com/images26/AiredaleTerrierPurebredDogAdultDogsCooper2YearsOldTim1.jpg,450,434,Airedale Terrier,big
http://cdn1-www.dogtime.com/assets/uploads/2011/01/file_23050_airedale-terrier.jpg,460,290,Airedale Terrier,big
http://www.dogchannel.com/images/articles/breed_profile_images/airedale-terrier.jpg,345,345,Airedale Terrier,big
http://www.punjabigraphics.com/animals/images/3/airedale-terrier210.jpg,625,450,Airedale Terrier,big
https://s-media-cache-ak0.pinimg.com/736x/fe/b8/24/feb824116af58678a7a4d48fa2ef145f.jpg,683,1024,Airedale Terrier,big
http://static.ddmcdn.com/en-us/apl/breedselector/images/breed-selector/dogs/breeds/airedale-terrier_02_lg.jpg,622,352,Airedale Terrier,big
http://previews.123rf.com/images/pixel1962/pixel19621207/pixel1962120700015/14483654-cute-big-Brown-airedale-terrier-dog-close-up-Stock-Photo.jpg,1300,1274,Airedale Terrier,big
https://s-media-cache-ak0.pinimg.com/236x/e1/14/84/e114845dab26f63cd75eb7c00a91ac7e.jpg,236,305,Airedale Terrier,big
http://www.dogbreedplus.com/dog_breeds/images/airedale_terrier.jpg,250,250,Airedale Terrier,big
http://previews.123rf.com/images/pixel1962/pixel19621207/pixel1962120700016/14483683-cute-big-Brown-airedale-terrier-dog-close-up-Stock-Photo.jpg,866,1300,Airedale Terrier,big
http://www.hillspet.com/images/en-gb/img_DogBreed-Airedale-Terrier.jpg,191,162,Airedale Terrier,big
https://s-media-cache-ak0.pinimg.com/236x/28/2b/a2/282ba26f8c126aba0d30907cb2a49be7.jpg,236,273,Airedale Terrier,big
http://previews.123rf.com/images/sgcallaway1994/sgcallaway19941007/sgcallaway1994100700004/7433920-Large-brown-airedale-terrier-sits-for-picture-with-sneaky-little-gray-dog-grinning-in-the-background-Stock-Photo.jpg,1042,1300,Airedale Terrier,big
https://s-media-cache-ak0.pinimg.com/236x/84/0b/99/840b993417fab7543121d913c31686ee.jpg,236,288,Airedale Terrier,big
http://thumbs.dreamstime.com/z/large-fluffy-dog-christmas-costume-reindeer-antler-beautiful-pedigree-airedale-terrier-adult-dressed-up-fancy-dress-36022265.jpg,1300,1005,Airedale Terrier,big
http://www.fordogtrainers.com/images/large/airedale-terrier-dog-harness-for-wallking_LRG.jpg,600,450,Airedale Terrier,big
http://previews.123rf.com/images/anyka/anyka0811/anyka081100101/3900166-8-weeks-old-little-airedale-terrier-puppy-dog-with-its-paws-on-a-crate-Stock-Photo.jpg,1300,1085,Airedale Terrier,puppy
https://s-media-cache-ak0.pinimg.com/736x/20/ab/36/20ab3614fcd1c895427a8e47e119ab57.jpg,507,757,Airedale Terrier,puppy
http://www.dogbreedinfo.com/images12/AiredaleTerrier0662923R104119.JPG,350,261,Airedale Terrier,puppy
https://s-media-cache-ak0.pinimg.com/originals/ee/df/96/eedf9617105426e95b31f325cae48d38.jpg,1388,944,Airedale Terrier,puppy
http://previews.123rf.com/images/anyka/anyka0811/anyka081100151/3923636-8-weeks-old-little-airedale-terrier-puppy-dog-on-a-beer-barrel-Stock-Photo.jpg,834,1300,Airedale Terrier,puppy
http://thedogpuppies.com/wp-content/uploads/2014/06/Airedale-Terrier-puppies.jpg,700,468,Airedale Terrier,puppy
http://www.dogbreedinfo.com/images7/AiredaleJackson9weeks.jpg,350,320,Airedale Terrier,puppy
https://s-media-cache-ak0.pinimg.com/236x/1e/75/a4/1e75a4c0339b58aef55cf933719a48a0.jpg,236,188,Airedale Terrier,puppy
http://www.yourpurebredpuppy.com/dogbreeds/photos-AB/airedalesf5.jpg,300,339,Airedale Terrier,puppy
http://www.dogwallpapers.net/wallpapers/photo-of-nice-airedale-terrier-puppy.jpg,1004,1380,Airedale Terrier,puppy
http://www.breederretriever.com/photopost/data/564/21.jpg,1000,1000,Airedale Terrier,puppy
https://40.media.tumblr.com/d5346015c6951e19b5048102c6322a72/tumblr_nuype8MtqX1rdspg7o1_500.jpg,450,675,Airedale Terrier,puppy
http://k9wdi.com/images/siteimages/breeds/airedale-terrier.jpg,300,447,Airedale Terrier,puppy
http://www.warrenphotographic.co.uk/photography/bigs/22907-Airedale-Terrier-bitch-pup-white-background.jpg,1070,1104,Airedale Terrier,puppy
https://www.pets4you.com/images/breeds/airedale-terrier.jpg,300,300,Airedale Terrier,puppy
https://s-media-cache-ak0.pinimg.com/236x/bd/44/31/bd44315e1e03c29cf272964d07d4fdc0.jpg,236,327,Airedale Terrier,puppy
http://cdn-www.dailypuppy.com/dog-images/higgins-the-airedale-terrier-4_56016_2011-03-01_w450.jpg,450,522,Airedale Terrier,puppy
http://puppydogweb.com/gallery/airedaleterriers/airedaleterrier_bonsell.jpg,388,448,Airedale Terrier,puppy
http://www.dogwallpapers.net/wallpapers/cute-airedale-terrier-puppy.jpg,840,1120,Airedale Terrier,puppy
https://s-media-cache-ak0.pinimg.com/236x/07/2e/6a/072e6ac8c89f0ab08c5329295ba964ee.jpg,200,280,Airedale Terrier,puppy
http://dgicdplf3pvka.cloudfront.net/images/dogbreeds/large/Airedale-Terrier.jpg,645,430,Airedale Terrier,puppy
http://www.ispc16.org/wp-content/uploads/2013/09/airedale-terrier-puppies-florida.jpg,1600,1159,Airedale Terrier,puppy
https://s-media-cache-ak0.pinimg.com/236x/0e/fd/b4/0efdb4f5553e86a1c158bcb507f2d615.jpg,236,257,Airedale Terrier,puppy
http://www.yourpurebredpuppy.com/dogbreeds/photos-AB/airedalesf2.jpg,350,355,Airedale Terrier,puppy
https://s-media-cache-ak0.pinimg.com/236x/3d/3e/d9/3d3ed9ffb3b8b78ded69d11d9d1401fe.jpg,236,295,Airedale Terrier,puppy
http://dooziedog.com/dog_breeds/airedale_terrier/images/full/airedale_terrier_puppy_1.jpg,579,534,Airedale Terrier,puppy
http://bestdogbreeds.net/wp-content/uploads/2014/03/airedale-terrier-puppies-for-sale-4.jpg,1024,768,Airedale Terrier,puppy
